value,count,share
Desktop,17,0.4722222222222222
Mobile,15,0.4166666666666667
Tablet,4,0.1111111111111111
