value,count,share
Basic,14,0.3888888888888889
Free,12,0.3333333333333333
Pro,10,0.2777777777777778
