value,count,share
Organic,16,0.4444444444444444
Ads,8,0.2222222222222222
Referral,6,0.16666666666666666
Email,6,0.16666666666666666
