value,count,share
RU,21,0.5833333333333334
KZ,5,0.1388888888888889
BY,5,0.1388888888888889
UA,5,0.1388888888888889
