value,count,share
Moscow,11,0.5
Saint Petersburg,3,0.13636363636363635
Almaty,3,0.13636363636363635
Minsk,3,0.13636363636363635
Kyiv,2,0.09090909090909091
